action,actor,user,org,repo,created_at,data.hook_id,data.events,data.events_were,data.target_login,data.old_user,data.team,data.runner_group_id,data.runner_group_name,data.runner_group_visibility,data.runner_group_allow_public
repo.create,K9-XE88,K9-XE88,,K9-XE88/docs,1608369544844,,,,,,,,,,
integration.remove_client_secret,K9-XE88,K9-XE88,,,1608439837682,,,,,,,,,,
integration.revoke_all_tokens,K9-XE88,K9-XE88,,,1608440660809,,,,,,,,,,
user.failed_login,K9-XE88,K9-XE88,,,1608451554397,,,,,,,,,,
profile_picture.update,K9-XE88,,,,1608452859356,,,,,,,,,,
oauth_application.generate_client_secret,Loy888,Loy888,,,1608676780796,,,,,,,,,,
migration.create,Loy888,,Loy888,"[""Loy888/bug-free-engine"", ""Loy888/docs"", ""Loy888/evo888-asia"", ""Loy888/xe88""]",1608704446856,,,,,,,,,,
oauth_authorization.destroy,loy8888,loy8888,,,1608798411771,,,,,,,,,,
hook.create,haffis91,haffis91,,,1606844528366,265852548,[],,,,,,,,
repo.change_merge_setting,haffis91,,,,1606845879270,,,,,,,,,,
oauth_authorization.create,K9-XE88,K9-XE88,,,1607755417619,,,,,,,,,,
oauth_application.remove_client_secret,K9-XE88,K9-XE88,,,1608452376703,,,,,,,,,,
oauth_application.generate_client_secret,K9-XE88,K9-XE88,,,1608452362605,,,,,,,,,,
user.rename,K9-XE88,Loy888,,,1608459633332,,,,,,,,,,
integration_installation.repositories_added,loy8888,loy8888,,,1608798343101,,,,,,,,,,
user.show_private_contributions_count,haffis91,haffis91,,,1606846697787,,,,,,,,,,
dependency_graph_new_repos.enable,K9-XE88,K9-XE88,K9-XE88,,1606848346870,,,,,,,,,,
profile_picture.update,K9-XE88,,,,1608439992996,,,,,,,,,,
marketplace_listing.create,K9-XE88,K9-XE88,,,1608376510074,,,,,,,,,,
user.login,haffis91,haffis91,,,1606844022676,,,,,,,,,,
oauth_authorization.create,K9-XE88,K9-XE88,,,1606858285098,,,,,,,,,,
oauth_application.create,K9-XE88,K9-XE88,,,1608376457128,,,,,,,,,,
oauth_application.generate_client_secret,K9-XE88,K9-XE88,,,1608376493431,,,,,,,,,,
oauth_application.revoke_tokens,Loy888,Loy888,,,1608676775863,,,,,,,,,,
repo.change_merge_setting,K9-XE88,,,,1608453231043,,,,,,,,,,
profile_picture.update,K9-XE88,,,,1608439987421,,,,,,,,,,
hook.config_changed,haffis91,haffis91,,,1606844924130,265852548,[],,,,,,,,
profile_picture.update,K9-XE88,,,,1606847131458,,,,,,,,,,
oauth_authorization.create,K9-XE88,K9-XE88,,,1608368987185,,,,,,,,,,
oauth_authorization.create,Loy888,Loy888,,,1608703692998,,,,,,,,,,
dependency_graph_new_repos.enable,K9-XE88,K9-XE88,K9-XE88,,1606848345778,,,,,,,,,,
oauth_authorization.create,K9-XE88,K9-XE88,,,1608454588186,,,,,,,,,,
profile_picture.update,Loy888,,,,1608588393033,,,,,,,,,,
marketplace_agreement_signature.create,K9-XE88,K9-XE88,,,1608376529092,,,,,,,,,,
integration.remove_client_secret,Loy888,Loy888,,,1608677186408,,,,,,,,,,
oauth_authorization.destroy,Loy888,Loy888,,,1608704165774,,,,,,,,,,
user.failed_login,K9-XE88,K9-XE88,,,1608451559800,,,,,,,,,,
user.failed_login,K9-XE88,K9-XE88,,,1608451565498,,,,,,,,,,
oauth_application.generate_client_secret,K9-XE88,K9-XE88,,,1608452890854,,,,,,,,,,
profile_picture.update,K9-XE88,,,,1608440060905,,,,,,,,,,
user.audit_log_export,Loy888,Loy888,,,1608704547104,,,,,,,,,,
oauth_authorization.destroy,Loy888,Loy888,,,1608676546002,,,,,,,,,,
integration_installation.repositories_removed,loy8888,loy8888,,,1608798343173,,,,,,,,,,
integration.generate_client_secret,haffis91,haffis91,,,1606844599908,,,,,,,,,,
dependency_graph_new_repos.disable,K9-XE88,K9-XE88,K9-XE88,,1606848346384,,,,,,,,,,
profile_picture.update,Loy888,Loy888,,,1608459744410,,,,,,,,,,
user.two_factor_recovery_codes_downloaded,K9-XE88,K9-XE88,,,1608376759663,,,,,,,,,,
repo.create,haffis91,haffis91,,haffis91/xe88,1606846013268,,,,,,,,,,
project.create,haffis91,,,haffis91/xe88,1606846389366,,,,,,,,,,
oauth_application.remove_client_secret,Loy888,Loy888,,,1608704306946,,,,,,,,,,
profile_picture.update,K9-XE88,,,,1608440067273,,,,,,,,,,
integration.create,haffis91,haffis91,,,1606844528288,,,,,,,,,,
oauth_authorization.create,Loy888,Loy888,,,1608677055167,,,,,,,,,,
hook.config_changed,Loy888,Loy888,,,1608677124860,265852548,[],,,,,,,,
hook.config_changed,K9-XE88,K9-XE88,,,1608440756548,265852548,[],,,,,,,,
marketplace_listing.create,K9-XE88,K9-XE88,,,1608452171340,,,,,,,,,,
user.two_factor_recovery_codes_downloaded,K9-XE88,K9-XE88,,,1608451990663,,,,,,,,,,
repo.change_merge_setting,haffis91,,,,1606846013058,,,,,,,,,,
user.rename,haffis91,K9-XE88,,,1606846923002,,,,,,,,,,
hook.config_changed,haffis91,haffis91,,,1606844646525,265852548,[],,,,,,,,
hook.config_changed,haffis91,haffis91,,,1606844594731,265852548,[],,,,,,,,
integration.generate_client_secret,haffis91,haffis91,,,1606844929883,,,,,,,,,,
user.show_private_contributions_count,haffis91,haffis91,,,1606845510388,,,,,,,,,,
repo.create,haffis91,haffis91,,haffis91/bug-free-engine,1606845879467,,,,,,,,,,
oauth_authorization.create,Loy888,Loy888,,,1608676665353,,,,,,,,,,
integration.generate_client_secret,Loy888,Loy888,,,1608677091177,,,,,,,,,,
oauth_application.revoke_all_tokens,Loy888,Loy888,,,1608676775743,,,,,,,,,,
user.audit_log_export,loy8888,loy8888,,,1608798274807,,,,,,,,,,
user.audit_log_export,haffis91,haffis91,,,1606845565565,,,,,,,,,,
oauth_authorization.create,Loy888,Loy888,,,1608676915082,,,,,,,,,,
oauth_authorization.destroy,Loy888,Loy888,,,1608677031335,,,,,,,,,,
integration.revoke_tokens,K9-XE88,K9-XE88,,,1608440575345,,,,,,,,,,
hook.config_changed,haffis91,haffis91,,,1606844579122,265852548,[],,,,,,,,
migration.create,haffis91,,haffis91,"[""haffis91/bug-free-engine"", ""haffis91/xe88""]",1606846757955,,,,,,,,,,
integration_installation.create,K9-XE88,K9-XE88,,,1608454588026,,,,,,,,,,
repo.create,K9-XE88,K9-XE88,,K9-XE88/evo888-asia,1608453231245,,,,,,,,,,
public_key.verification_failure,K9-XE88,K9-XE88,,,1608453798047,,,,,,,,,,
user_status.update,Loy888,Loy888,,,1608459712166,,,,,,,,,,
oauth_authorization.destroy,Loy888,Loy888,,,1608676874285,,,,,,,,,,
integration.revoke_tokens,loy8888,loy8888,,,1608798412900,,,,,,,,,,
migration.create,Loy888,,Loy888,"[""Loy888/bug-free-engine"", ""Loy888/docs"", ""Loy888/evo888-asia"", ""Loy888/xe88""]",1608459821059,,,,,,,,,,
oauth_authorization.create,K9-XE88,K9-XE88,,,1608376217411,,,,,,,,,,
user.rename,Loy888,loy8888,,,1608798246930,,,,,,,,,,
user.create,haffis91,haffis91,,,1606844022289,,,,,,,,,,
oauth_authorization.destroy,Loy888,Loy888,,,1608676870202,,,,,,,,,,
oauth_application.remove_client_secret,Loy888,Loy888,,,1608676766043,,,,,,,,,,
oauth_application.generate_client_secret,Loy888,Loy888,,,1608704317305,,,,,,,,,,
integration.revoke_all_tokens,K9-XE88,K9-XE88,,,1608440575132,,,,,,,,,,
project.create,K9-XE88,,,K9-XE88/bug-free-engine,1608453498126,,,,,,,,,,
integration.revoke_all_tokens,loy8888,loy8888,,,1608798411072,,,,,,,,,,
